,index,id_str,created_at,longitude,latitude,data,hora_complete,inside_cluster,horas,minutos,segundos,temperatura,umidade,temperatura_ponto_orvalho,pressao_atmosferica,precipitacao,related,is_alag
0,1656,869358971106316293,2017-05-29 22:05:05,-46.6456636,-23.677347,2017-05-29 00:00:00,22:05:05,1,22,5,5,20.3,69.0,14.3,930.1,0.0,1,0.0
1,6571,797872518182768641,2016-11-13 15:43:26,-46.72786067,-23.63476863,2016-11-13 00:00:00,15:43:26,1,15,43,26,18.3,87.0,16.1,923.5,1.4,1,1.0
2,7967,839243107313020928,2017-03-07 19:35:23,-46.59625493,-23.5197189,2017-03-07 00:00:00,19:35:23,1,19,35,23,16.9,90.0,15.3,926.2,25.8,1,1.0
3,9709,803530705984778241,2016-11-29 06:27:03,-46.61246342,-23.6266861,2016-11-29 00:00:00,06:27:03,1,6,27,3,20.3,89.0,18.3,924.4,0.2,1,1.0
4,7959,839236451934089217,2017-03-07 19:08:57,-46.50159558,-23.48288321,2017-03-07 00:00:00,19:08:57,1,19,8,57,16.9,90.0,15.3,926.2,25.8,1,1.0
5,7339,824031732575993857,2017-01-24 20:10:49,-46.65638889,-23.56138889,2017-01-24 00:00:00,20:10:49,1,20,10,49,22.9,77.0,18.6,925.1,0.0,1,1.0
6,10061,872086564129648642,2017-06-06 10:43:34,-46.63338556,-23.59653896,2017-06-06 00:00:00,10:43:34,0,10,43,34,18.8,87.0,16.5,929.9,0.6,0,1.0
7,7572,834529660822310913,2017-02-22 19:25:50,-46.70262337,-23.65165925,2017-02-22 00:00:00,19:25:50,1,19,25,50,23.1,65.0,16.1,926.0,0.0,1,1.0
8,7214,822983299593367552,2017-01-21 22:44:43,-46.69769447,-23.56766292,2017-01-21 00:00:00,22:44:43,1,22,44,43,17.6,88.0,15.5,927.9,1.2,1,1.0
9,9690,1046519595157385217,2018-09-30 18:58:09,-46.66323737,-23.60569831,2018-09-30 00:00:00,18:58:09,1,18,58,9,19.5,88.0,17.5,925.5,4.4,1,1.0
10,4957,903828681331703809,2017-09-02 00:55:24,-46.617109,-23.492473,2017-09-02 00:00:00,00:55:24,1,0,55,24,15.5,77.0,11.4,935.7,0.0,0,0.0
11,10159,822171546433286147,2017-01-19 16:59:06,-46.7195508,-23.5325007,2017-01-19 00:00:00,16:59:06,0,16,59,6,19.9,88.0,17.9,926.6,5.8,0,1.0
12,10117,968304365424513025,2018-02-26 22:58:45,-46.68615185,-23.70395442,2018-02-26 00:00:00,22:58:45,0,22,58,45,20.1,91.0,18.5,926.5,0.0,0,1.0
13,7377,825032469577662467,2017-01-27 14:27:23,-46.75128413,-23.55230185,2017-01-27 00:00:00,14:27:23,0,14,27,23,21.6,85.0,19.0,928.5,1.6,0,1.0
14,4641,861692380763705344,2017-05-08 18:20:47,-46.45,-23.5333,2017-05-08 00:00:00,18:20:47,1,18,20,47,19.4,76.0,15.1,924.4,0.0,0,0.0
15,10208,865740188751978496,2017-05-19 22:25:20,-46.69654652,-23.57257394,2017-05-19 00:00:00,22:25:20,1,22,25,20,18.335483870967742,76.74193548387099,14.083870967741936,925.2290322580644,0.5419354838709677,0,1.0
16,8806,951529984270749696,2018-01-11 16:03:21,-46.64472222,-23.55666667,2018-01-11 00:00:00,16:03:21,1,16,3,21,19.9,89.0,18.1,926.5,20.6,1,1.0
17,7395,826868688364126209,2017-02-01 16:03:52,-46.59805557,-23.55916668,2017-02-01 00:00:00,16:03:52,1,16,3,52,21.9,73.0,16.8,923.7,0.0,1,1.0
18,7280,"8,23239478244352E+017",2017-01-22 15:42:41,-46.71098072,-23.74073082,2017-01-22 00:00:00,15:42:41,0,15,42,41,19.6,87.0,17.4,925.7,2.2,1,1.0
19,9978,835621356746088448,2017-02-25 19:43:51,-46.6914,-23.5525,2017-02-25 00:00:00,19:43:51,0,19,43,51,21.9,74.0,17.0,923.5,0.0,0,1.0
20,5200,937003909779828738,2017-12-02 14:01:55,-46.6973521,-23.59906057,2017-12-02 00:00:00,14:01:55,1,14,1,55,23.9,59.0,15.3,922.9,0.0,0,0.0
21,8010,840294056794181638,2017-03-10 17:11:29,-46.71162828,-23.57282413,2017-03-10 00:00:00,17:11:29,1,17,11,29,25.5,61.0,17.3,924.1,0.0,1,1.0
22,9235,822455064082182144,2017-01-20 11:45:42,-46.68500001,-23.60000001,2017-01-20 00:00:00,11:45:42,1,11,45,42,20.5,86.0,18.2,929.4,0.6,0,1.0
23,6415,974142712910962688,2018-03-15 01:38:16,-46.5926563,-23.521745000000006,2018-03-15 00:00:00,01:38:16,1,1,38,16,19.7,88.0,17.7,926.5,3.4,1,1.0
24,8381,871833937823322114,2017-06-05 17:59:43,-46.65231586,-23.5356419,2017-06-05 00:00:00,17:59:43,1,17,59,43,17.9,89.0,16.1,928.2,4.0,1,1.0
25,6307,866625857015689217,2017-05-22 09:04:40,-46.73120975,-23.66587925,2017-05-22 00:00:00,09:04:40,1,9,4,40,19.51136363636364,75.0,15.0,927.75,0.0,1,1.0
26,9578,1055483054116941824,2018-10-25 12:35:44,-46.67016,-23.56219,2018-10-25 00:00:00,12:35:44,1,12,35,44,20.0,82.0,16.9,925.8,0.8,1,1.0
27,8557,923497976819052545,2017-10-26 07:34:10,-46.64094616,-23.55055556,2017-10-26 00:00:00,07:34:10,1,7,34,10,17.0,87.0,14.8,924.3,0.0,0,1.0
28,5877,1032037611920080896,2018-08-21 19:51:55,-46.5136744,-23.579832,2018-08-21 00:00:00,19:51:55,0,19,51,55,15.9,78.0,12.2,931.9,0.0,0,0.0
29,7027,821824262164148225,2017-01-18 17:59:07,-46.76739167,-23.45933889,2017-01-18 00:00:00,17:59:07,0,17,59,7,21.0,87.0,18.9,923.1,1.0,1,1.0
30,7306,823288126428901376,2017-01-22 18:55:59,-46.6333,-23.55,2017-01-22 00:00:00,18:55:59,1,18,55,59,21.0,75.0,16.5,924.3,0.0,1,1.0
31,8812,951559173078245381,2018-01-11 17:59:20,-46.6333,-23.55,2018-01-11 00:00:00,17:59:20,1,17,59,20,21.3,80.0,17.7,926.3,0.2,1,1.0
32,8599,932001580701843462,2017-11-18 18:44:27,-46.37962274,-23.47914925,2017-11-18 00:00:00,18:44:27,1,18,44,27,21.4,82.0,18.1,918.8,0.0,1,1.0
33,7686,835307560328519685,2017-02-24 22:56:56,-46.6333,-23.55,2017-02-24 00:00:00,22:56:56,1,22,56,56,19.5,80.0,15.9,925.7,0.0,1,1.0
34,6432,1006824432164360194,2018-06-13 06:03:45,-46.64308263,-23.56956389,2018-06-13 00:00:00,06:03:45,1,6,3,45,18.1,88.0,16.2,927.3,4.2,1,1.0
35,5534,1029483401835896832,2018-08-14 18:42:24,-46.64116276,-23.63521989,2018-08-14 00:00:00,18:42:24,0,18,42,24,23.0,44.0,10.2,926.5,0.0,0,0.0
36,6394,958135439248019458,2018-01-29 21:31:04,-46.64474672,-23.55161663,2018-01-29 00:00:00,21:31:04,1,21,31,4,19.1,88.0,17.1,922.1,12.4,1,1.0
37,2200,909625479354650624,2017-09-18 00:49:48,-46.54092,-23.572470000000006,2017-09-18 00:00:00,00:49:48,0,0,49,48,18.3,78.0,14.5,931.5,0.0,0,0.0
38,5256,949062574510755841,2018-01-04 20:38:45,-46.6333,-23.55,2018-01-04 00:00:00,20:38:45,1,20,38,45,21.3,51.0,10.7,925.6,0.0,0,0.0
39,7561,834514354577879040,2017-02-22 18:25:01,-46.704662,-23.531577,2017-02-22 00:00:00,18:25:01,0,18,25,1,22.3,73.0,17.2,926.1,0.6,0,1.0
40,7324,823981548546334720,2017-01-24 16:51:24,-46.68322720000001,-23.5254216,2017-01-24 00:00:00,16:51:24,1,16,51,24,29.6,46.0,16.7,923.1,0.0,1,1.0
41,5731,831844671349481474,2017-02-15 09:36:39,-46.642799,-23.544081,2017-02-15 00:00:00,09:36:39,1,9,36,39,26.9,53.0,16.6,932.2,0.0,0,0.0
42,4890,895829623187148800,2017-08-10 23:10:00,-46.64860818,-23.62263638,2017-08-10 00:00:00,23:10:00,0,23,10,0,14.8,72.0,9.9,931.4,0.0,0,0.0
43,6486,860624359379144704,2017-05-05 19:36:51,-46.65638889,-23.56138889,2017-05-05 00:00:00,19:36:51,1,19,36,51,17.9,84.0,15.2,926.8,0.0,0,1.0
44,6048,821765817230561282,2017-01-18 14:06:53,-46.6592185,-23.5545154,2017-01-18 00:00:00,14:06:53,1,14,6,53,21.8,82.0,18.5,923.6,0.4,1,1.0
45,7410,827204853923450883,2017-02-02 14:19:40,-46.5498113,-23.6023063,2017-02-02 00:00:00,14:19:40,1,14,19,40,22.4,71.0,17.0,923.4,0.4,1,1.0
46,8825,954804364681543680,2018-01-20 16:54:34,-46.72083298,-23.59200835,2018-01-20 00:00:00,16:54:34,1,16,54,34,21.9,89.0,20.0,926.1,10.6,0,1.0
47,9160,1046514455914446849,2018-09-30 18:37:44,-46.6530215,-23.5645874,2018-09-30 00:00:00,18:37:44,1,18,37,44,19.5,88.0,17.5,925.5,4.4,1,1.0
48,7468,828707065904427008,2017-02-06 17:48:55,-46.79357641,-23.58853221,2017-02-06 00:00:00,17:48:55,0,17,48,55,20.3,81.0,16.8,920.8,12.2,1,1.0
49,9811,817800883589251073,2017-01-07 15:31:39,-46.6333,-23.55,2017-01-07 00:00:00,15:31:39,1,15,31,39,19.3,89.0,17.3,925.4,33.8,1,1.0
50,1434,843658238977593349,2017-03-19 23:59:33,-46.704003,-23.85585,2017-03-19 00:00:00,23:59:33,0,23,59,33,18.1,81.0,14.9,929.5,0.0,1,0.0
51,4711,871059645636517888,2017-06-03 14:42:57,-46.67041004,-23.62364505,2017-06-03 00:00:00,14:42:57,1,14,42,57,21.9,52.0,11.7,928.7,0.0,0,0.0
52,9545,955902572484841472,2018-01-23 17:38:27,-46.6333,-23.55,2018-01-23 00:00:00,17:38:27,1,17,38,27,24.2,69.0,18.1,921.7,1.6,1,1.0
53,9650,917844061549101056,2017-10-10 17:07:31,-46.6333,-23.55,2017-10-10 00:00:00,17:07:31,1,17,7,31,23.1,68.0,16.8,925.8,0.0,1,1.0
54,767,803963226358771712,2016-11-30 11:05:44,-46.64486014,-23.59511386,2016-11-30 00:00:00,11:05:44,0,11,5,44,18.2,73.0,13.2,930.1,0.0,1,0.0
55,1807,884725658391158784,2017-07-11 07:46:49,-46.63913,-23.58904,2017-07-11 00:00:00,07:46:49,0,7,46,49,12.6,82.0,9.6,934.2,0.0,0,0.0
56,2844,943878142720073729,2017-12-21 13:17:40,-46.61964143,-23.65013515,2017-12-21 00:00:00,13:17:40,0,13,17,40,20.9,85.0,18.2,925.0,2.8,1,0.0
57,8948,974098127732043776,2018-03-14 22:41:06,-46.47420591,-23.54477904,2018-03-14 00:00:00,22:41:06,1,22,41,6,20.3,90.0,18.5,928.3,9.4,1,1.0
58,6520,796504461577334784,2016-11-09 21:07:16,-46.6333,-23.55,2016-11-09 00:00:00,21:07:16,1,21,7,16,18.9,85.0,16.3,925.5,0.0,1,1.0
59,8581,931605971973099521,2017-11-17 16:32:26,-46.6675666,-23.5643618,2017-11-17 00:00:00,16:32:26,1,16,32,26,21.2,74.0,16.5,921.0,0.2,0,1.0
60,8050,842855775936626688,2017-03-17 18:50:51,-46.5919975,-23.6272975,2017-03-17 00:00:00,18:50:51,0,18,50,51,20.9,86.0,18.4,925.5,1.0,1,1.0
61,6338,918197190941708288,2017-10-11 16:30:44,-46.6333,-23.55,2017-10-11 00:00:00,16:30:44,1,16,30,44,28.8,39.0,13.7,923.3,0.0,1,1.0
62,7438,827997297279655945,2017-02-04 18:48:33,-46.74273416,-23.67228299,2017-02-04 00:00:00,18:48:33,1,18,48,33,21.7,83.0,18.7,922.7,3.4,1,1.0
63,7292,823269966904459265,2017-01-22 17:43:50,-46.6333,-23.55,2017-01-22 00:00:00,17:43:50,1,17,43,50,19.9,83.0,17.0,924.9,0.0,1,1.0
64,2247,913950246887190529,2017-09-29 23:14:53,-46.604604,-23.540672,2017-09-29 00:00:00,23:14:53,1,23,14,53,17.0,89.0,15.1,926.2,5.2,1,0.0
65,5975,811868516798316544,2016-12-22 06:38:32,-46.68107986,-23.60017201,2016-12-22 00:00:00,06:38:32,1,6,38,32,20.5,76.0,16.1,927.6,0.0,1,1.0
66,1928,896698719869030400,2017-08-13 08:43:29,-46.71683999,-23.7247706,2017-08-13 00:00:00,08:43:29,0,8,43,29,14.3,88.0,12.3,928.2,0.0,1,0.0
67,8879,968221986529988608,2018-02-26 17:31:24,-46.62397939,-23.52126571,2018-02-26 00:00:00,17:31:24,1,17,31,24,20.4,91.0,18.9,925.2,20.2,1,1.0
68,9809,816060290894856192,2017-01-02 20:15:09,-46.6457833,-23.5320207,2017-01-02 00:00:00,20:15:09,0,20,15,9,21.9,82.0,18.7,924.8,1.0,0,1.0
69,2013,898901052006596608,2017-08-19 10:34:46,-46.71229135,-23.5634188,2017-08-19 00:00:00,10:34:46,0,10,34,46,16.6,89.0,14.8,927.9,0.2,1,0.0
70,7603,835223076891725824,2017-02-24 17:21:13,-46.6396397,-23.5452414,2017-02-24 00:00:00,17:21:13,1,17,21,13,19.0,88.0,17.0,924.9,11.6,1,1.0
71,7579,834581454856318976,2017-02-22 22:51:39,-46.57788775,-23.5956315,2017-02-22 00:00:00,22:51:39,1,22,51,39,23.5,65.0,16.5,926.9,0.0,1,1.0
72,4911,898709635875561473,2017-08-18 21:54:09,-46.6333,-23.55,2017-08-18 00:00:00,21:54:09,1,21,54,9,16.4,88.0,14.3,928.1,0.0,1,0.0
73,3241,978027278197297158,2018-03-25 18:54:08,-46.69722222,-23.70111111,2018-03-25 00:00:00,18:54:08,0,18,54,8,27.9,44.0,14.6,924.5,0.0,0,0.0
74,7170,822916452718170113,2017-01-21 18:19:06,-46.65769265,-23.57580665,2017-01-21 00:00:00,18:19:06,0,18,19,6,18.0,91.0,16.5,926.8,6.2,1,1.0
75,7351,824197588840808449,2017-01-25 07:09:52,-46.6333,-23.55,2017-01-25 00:00:00,07:09:52,1,7,9,52,22.2,75.0,17.5,925.2,0.0,1,1.0
76,8002,839377588959211526,2017-03-08 04:29:46,-46.6689115,-23.493571600000006,2017-03-08 00:00:00,04:29:46,1,4,29,46,20.9,92.0,19.6,926.0,0.0,1,1.0
77,5930,803343063607287808,2016-11-28 18:01:26,-46.675447,-23.578544,2016-11-28 00:00:00,18:01:26,0,18,1,26,23.6,71.0,18.0,923.6,0.0,1,1.0
78,6548,796819778568646661,2016-11-10 18:00:14,-46.74654258,-23.53522014,2016-11-10 00:00:00,18:00:14,1,18,0,14,24.4,70.0,18.6,923.0,0.0,1,1.0
79,8246,865567706518618112,2017-05-19 10:59:57,-46.5217865,-23.6085528,2017-05-19 00:00:00,10:59:57,0,10,59,57,16.670967741935485,84.48387096774194,13.967741935483875,923.758064516129,1.0838709677419354,1,1.0
80,8467,897611013960413185,2017-08-15 21:08:37,-46.6333,-23.55,2017-08-15 00:00:00,21:08:37,1,21,8,37,14.5,82.0,11.6,928.6,0.0,1,1.0
81,8424,872147810187067393,2017-06-06 14:46:56,-46.399174,-23.565526,2017-06-06 00:00:00,14:46:56,0,14,46,56,21.3,72.0,16.1,926.6,0.0,0,1.0
82,7124,822560781187293184,2017-01-20 18:45:47,-46.4942249,-23.5515345,2017-01-20 00:00:00,18:45:47,1,18,45,47,22.6,75.0,17.9,927.3,0.0,1,1.0
83,265,883864787419004930,2017-07-08 22:46:01,-46.72522418,-23.61544141,2017-07-08 00:00:00,22:46:01,0,22,46,1,16.4,72.0,11.4,935.0,0.0,0,0.0
84,6440,1030549511888928768,2018-08-17 17:18:44,-46.65638889,-23.56138889,2018-08-17 00:00:00,17:18:44,1,17,18,44,15.8,74.0,11.2,934.3,0.0,1,1.0
85,3032,962151824403943424,2018-02-09 23:30:45,-46.6640273,-23.55977255,2018-02-09 00:00:00,23:30:45,1,23,30,45,25.1,44.0,12.0,925.8,0.0,0,0.0
86,1048,813823066748887041,2016-12-27 16:05:13,-46.6333,-23.55,2016-12-27 00:00:00,16:05:13,1,16,5,13,31.7,40.0,16.2,922.8,0.0,0,0.0
87,6077,822553158186627073,2017-01-20 18:15:29,-46.63558,-23.61016,2017-01-20 00:00:00,18:15:29,1,18,15,29,22.6,75.0,17.9,927.3,0.0,1,1.0
88,3711,933727231624409088,2017-11-23 13:01:34,-46.65421107,-23.53458802,2017-11-23 00:00:00,13:01:34,1,13,1,34,22.2,62.0,14.6,925.4,0.0,1,0.0
89,289,895050091861614592,2017-08-08 19:32:25,-46.69176762,-23.5928402,2017-08-08 00:00:00,19:32:25,1,19,32,25,24.1,34.0,7.1,927.0,0.0,1,0.0
90,9833,821456522450444289,2017-01-17 17:37:51,-46.6333,-23.55,2017-01-17 00:00:00,17:37:51,1,17,37,51,23.0,74.0,18.1,920.1,0.0,1,1.0
91,8474,897832429813149697,2017-08-16 11:48:26,-46.6333,-23.55,2017-08-16 00:00:00,11:48:26,1,11,48,26,16.4,85.0,14.0,930.1,0.0,1,1.0
92,4371,810283819521687552,2016-12-17 21:41:31,-46.70280587,-23.55360259,2016-12-17 00:00:00,21:41:31,1,21,41,31,20.2,75.0,15.5,929.9,0.0,0,0.0
93,3625,1051175095656488960,2018-10-13 15:17:27,-46.65959416,-23.54133493,2018-10-13 00:00:00,15:17:27,1,15,17,27,28.9,46.0,16.0,923.2,0.0,1,0.0
94,2446,919078184481587200,2017-10-14 02:51:29,-46.67616467,-23.57294654,2017-10-14 00:00:00,02:51:29,0,2,51,29,20.8,84.0,17.9,924.6,0.0,1,0.0
95,9401,817825198770626560,2017-01-07 17:08:16,-46.6333,-23.55,2017-01-07 00:00:00,17:08:16,1,17,8,16,21.8,92.0,20.4,925.1,0.6,1,1.0
96,3863,848168480885022720,2017-04-01 10:41:38,-46.53236734,-23.57445997,2017-04-01 00:00:00,10:41:38,0,10,41,38,18.4,77.0,14.3,931.1,0.0,1,0.0
97,3126,967212330886008832,2018-02-23 22:39:24,-46.71683999,-23.7247706,2018-02-23 00:00:00,22:39:24,0,22,39,24,19.8,71.0,14.4,927.7,0.0,1,0.0
98,6798,816038163198177280,2017-01-02 18:47:14,-46.77721582,-23.57338635,2017-01-02 00:00:00,18:47:14,0,18,47,14,22.7,73.0,17.7,923.9,0.4,1,1.0
99,1638,867569287925518336,2017-05-24 23:33:31,-46.6333,-23.55,2017-05-24 00:00:00,23:33:31,1,23,33,31,17.9,84.0,15.3,931.0,0.0,1,0.0
100,1619,864624681697116160,2017-05-16 20:32:42,-46.75242843,-23.58711903,2017-05-16 00:00:00,20:32:42,0,20,32,42,16.4,74.0,11.8,928.3,0.0,0,0.0
101,5909,839280952077594624,2017-03-07 22:05:46,-46.5945599,-23.6362443,2017-03-07 00:00:00,22:05:46,0,22,5,46,20.6,93.0,19.4,927.3,0.2,1,1.0
102,8547,918221788827570176,2017-10-11 18:08:28,-46.66432204,-23.60660524,2017-10-11 00:00:00,18:08:28,1,18,8,28,22.2,70.0,16.6,924.6,0.4,1,1.0
103,2150,903388467014418432,2017-08-31 19:46:09,-46.76220928,-23.69017766,2017-08-31 00:00:00,19:46:09,0,19,46,9,15.6,78.0,11.8,934.0,0.0,1,0.0
104,8887,968235635826929664,2018-02-26 18:25:39,-46.49826276,-23.52230611,2018-02-26 00:00:00,18:25:39,0,18,25,39,19.8,91.0,18.4,925.8,9.2,0,1.0
105,5316,956950695139270657,2018-01-26 15:03:19,-46.4155089,-23.618157,2018-01-26 00:00:00,15:03:19,0,15,3,19,24.0,63.0,16.4,924.7,0.0,0,0.0
106,9360,1026624821415817222,2018-08-06 21:23:25,-46.68293,-23.58091,2018-08-06 00:00:00,21:23:25,1,21,23,25,13.6,87.0,11.4,932.2,0.2,1,1.0
107,5993,817838276518248448,2017-01-07 18:00:14,-46.6333,-23.55,2017-01-07 00:00:00,18:00:14,1,18,0,14,22.3,92.0,20.9,925.9,0.8,1,1.0
108,2748,935432638168477696,2017-11-28 05:58:15,-46.71683999,-23.7247706,2017-11-28 00:00:00,05:58:15,0,5,58,15,19.9,81.0,16.5,926.8,0.0,1,0.0
109,2809,941722647532130305,2017-12-15 14:32:30,-46.68805556,-23.60722222,2017-12-15 00:00:00,14:32:30,1,14,32,30,30.7,39.0,14.9,923.6,0.0,1,0.0
110,9961,829059650100281344,2017-02-07 17:09:58,-46.63676462,-23.54968553,2017-02-07 00:00:00,17:09:58,1,17,9,58,24.9,66.0,18.1,922.5,0.0,0,1.0
111,9664,968234697015943168,2018-02-26 18:21:55,-46.6333,-23.55,2018-02-26 00:00:00,18:21:55,1,18,21,55,19.8,91.0,18.4,925.8,9.2,1,1.0
112,8830,954827020017561600,2018-01-20 18:24:36,-46.65704727,-23.58554193,2018-01-20 00:00:00,18:24:36,1,18,24,36,21.9,88.0,19.8,926.0,4.4,1,1.0
113,2869,946545753803165696,2017-12-28 21:57:48,-46.5752943,-23.5420866,2017-12-28 00:00:00,21:57:48,1,21,57,48,21.9,80.0,18.3,925.0,0.0,1,0.0
114,7110,822455269066059776,2017-01-20 11:46:31,-46.66324479,-23.56809906,2017-01-20 00:00:00,11:46:31,1,11,46,31,20.5,86.0,18.2,929.4,0.6,0,1.0
115,8283,865616913187172358,2017-05-19 14:15:29,-46.60277670000001,-23.53290860000001,2017-05-19 00:00:00,14:15:29,1,14,15,29,17.225806451612904,81.90322580645163,14.006451612903223,924.2483870967744,0.9032258064516128,1,1.0
116,6996,821718148797919232,2017-01-18 10:57:28,-46.6333,-23.55,2017-01-18 00:00:00,10:57:28,1,10,57,28,20.9,86.0,18.5,924.0,3.2,1,1.0
117,9427,823117548552065028,2017-01-22 07:38:11,-46.63893098,-23.50405614,2017-01-22 00:00:00,07:38:11,0,7,38,11,17.9,89.0,16.1,925.8,0.0,1,1.0
118,9539,950122400070488066,2018-01-07 18:50:07,-46.71236485,-23.5969748,2018-01-07 00:00:00,18:50:07,1,18,50,7,19.3,77.0,15.1,926.6,0.0,1,1.0
119,8258,865578550669189121,2017-05-19 11:43:02,-46.63781,-23.5991957,2017-05-19 00:00:00,11:43:02,1,11,43,2,16.809677419354838,83.83870967741936,13.977419354838707,923.8806451612904,1.0387096774193547,1,1.0
120,9212,1055117500445310976,2018-10-24 12:23:09,-46.541244,-23.590716,2018-10-24 00:00:00,12:23:09,1,12,23,9,16.9,88.0,14.8,928.9,1.6,1,1.0
121,8066,843093507837497344,2017-03-18 10:35:30,-46.7708777,-23.6670299,2017-03-18 00:00:00,10:35:30,1,10,35,30,21.0,76.0,16.7,929.1,0.0,1,1.0
122,7008,821755281897963520,2017-01-18 13:25:01,-46.66184000000001,-23.55649,2017-01-18 00:00:00,13:25:01,1,13,25,1,20.2,89.0,18.3,923.4,18.8,1,1.0
123,8924,973488391986798592,2018-03-13 06:18:13,-46.57651129999999,-23.4449284,2018-03-13 00:00:00,06:18:13,0,6,18,13,20.5,88.0,18.5,922.6,7.0,0,1.0
124,1365,840765081218629632,2017-03-12 00:23:10,-46.6333,-23.55,2017-03-12 00:00:00,00:23:10,1,0,23,10,22.7,78.0,18.6,927.4,0.0,0,0.0
125,8786,950499495393005568,2018-01-08 19:48:33,-46.6791496,-23.5202503,2018-01-08 00:00:00,19:48:33,1,19,48,33,18.8,86.0,16.5,928.6,0.8,1,1.0
126,1597,861177048814936065,2017-05-07 08:13:02,-46.64233815,-23.5159408,2017-05-07 00:00:00,08:13:02,1,8,13,2,18.0,84.0,15.1,928.9,0.0,1,0.0
127,6109,823944369178812416,2017-01-24 14:23:40,-46.63314342,-23.55069061,2017-01-24 00:00:00,14:23:40,1,14,23,40,27.8,49.0,16.2,924.4,0.0,1,1.0
128,8545,918202009001562112,2017-10-11 16:49:52,-46.6333,-23.55,2017-10-11 00:00:00,16:49:52,1,16,49,52,28.8,39.0,13.7,923.3,0.0,1,1.0
129,7353,824239010449080320,2017-01-25 09:54:28,-46.7270091,-23.50058356,2017-01-25 00:00:00,09:54:28,1,9,54,28,24.1,70.0,18.3,926.1,0.0,1,1.0
130,9704,827275103444439040,2017-02-02 18:58:49,-46.6333,-23.55,2017-02-02 00:00:00,18:58:49,1,18,58,49,24.9,61.0,16.9,921.9,0.0,1,1.0
131,7116,822552536578134016,2017-01-20 18:13:01,-46.62861111,-23.57138889,2017-01-20 00:00:00,18:13:01,1,18,13,1,22.6,75.0,17.9,927.3,0.0,1,1.0
132,8305,865726443589971968,2017-05-19 21:30:43,-46.47402663,-23.54510296,2017-05-19 00:00:00,21:30:43,1,21,30,43,18.196774193548386,77.38709677419354,14.074193548387097,925.1064516129032,0.5870967741935483,1,1.0
133,7117,822552960886566912,2017-01-20 18:14:42,-46.6333,-23.55,2017-01-20 00:00:00,18:14:42,1,18,14,42,22.6,75.0,17.9,927.3,0.0,1,1.0
134,6549,796822747750039552,2016-11-10 18:12:01,-46.69609238,-23.57275096,2016-11-10 00:00:00,18:12:01,1,18,12,1,24.4,70.0,18.6,923.0,0.0,1,1.0
135,6212,836021192951742464,2017-02-26 22:12:39,-46.7398373,-23.6773505,2017-02-26 00:00:00,22:12:39,1,22,12,39,21.4,78.0,17.4,926.2,0.0,1,1.0
136,9355,985603467845750784,2018-04-15 16:39:13,-46.6333,-23.55,2018-04-15 00:00:00,16:39:13,1,16,39,13,18.7,82.0,15.6,932.7,0.2,1,1.0
137,9501,899325704097103873,2017-08-20 14:42:11,-46.69655085,-23.58644653,2017-08-20 00:00:00,14:42:11,1,14,42,11,14.9,87.0,12.8,926.9,0.6,1,1.0
138,8453,897500281730027521,2017-08-15 13:48:36,-46.6292344,-23.5555276,2017-08-15 00:00:00,13:48:36,1,13,48,36,13.9,82.0,11.0,930.6,1.2,1,1.0
139,6468,1055498866408198144,2018-10-25 13:38:34,-46.71416667,-23.54916667,2018-10-25 00:00:00,13:38:34,1,13,38,34,20.0,84.0,17.2,925.1,1.0,1,1.0
140,7125,822560972384694278,2017-01-20 18:46:32,-46.64094616,-23.55055556,2017-01-20 00:00:00,18:46:32,1,18,46,32,22.6,75.0,17.9,927.3,0.0,1,1.0
141,8975,976173724402675712,2018-03-20 16:08:46,-46.59747,-23.56294,2018-03-20 00:00:00,16:08:46,1,16,8,46,20.7,85.0,18.0,922.8,7.2,1,1.0
142,8224,860651318549065728,2017-05-05 21:23:59,-46.63361111,-23.53419444,2017-05-05 00:00:00,21:23:59,1,21,23,59,16.0,83.0,13.2,929.0,1.8,1,1.0
143,9013,976231937462415360,2018-03-20 20:00:06,-46.6428185,-23.5982609,2018-03-20 00:00:00,20:00:06,0,20,0,6,20.5,85.0,17.8,925.4,2.4,1,1.0
144,8558,923505737917112320,2017-10-26 08:05:00,-46.44444,-23.56499,2017-10-26 00:00:00,08:05:00,0,8,5,0,18.3,80.0,14.8,924.3,0.0,0,1.0
145,6693,808432980230369280,2016-12-12 19:06:57,-46.66537333,-23.54469111,2016-12-12 00:00:00,19:06:57,1,19,6,57,20.4,85.0,17.8,920.4,0.0,1,1.0
146,7331,824009882575794177,2017-01-24 18:44:00,-46.66184000000001,-23.55649,2017-01-24 00:00:00,18:44:00,1,18,44,0,22.8,75.0,18.1,923.8,0.0,1,1.0
147,7139,822591257671299074,2017-01-20 20:46:53,-46.68622971,-23.56379044,2017-01-20 00:00:00,20:46:53,1,20,46,53,19.7,90.0,18.0,928.4,5.4,1,1.0
148,7174,822919835835371521,2017-01-21 18:32:32,-46.65885323,-23.58847589,2017-01-21 00:00:00,18:32:32,1,18,32,32,18.0,91.0,16.5,926.8,6.2,1,1.0
149,7812,835968481140957184,2017-02-26 18:43:12,-46.6333,-23.55,2017-02-26 00:00:00,18:43:12,1,18,43,12,21.9,77.0,17.7,924.6,0.0,1,1.0
150,7091,822410756700471296,2017-01-20 08:49:38,-46.649644,-23.538711,2017-01-20 00:00:00,08:49:38,1,8,49,38,19.3,89.0,17.4,929.6,2.0,1,1.0
151,4706,870662298821697536,2017-06-02 12:24:02,-46.66520381,-23.54755853,2017-06-02 00:00:00,12:24:02,0,12,24,2,18.6,51.0,8.3,930.2,0.0,0,0.0
152,8445,874603862526578688,2017-06-13 09:26:24,-46.65638889,-23.56138889,2017-06-13 00:00:00,09:26:24,1,9,26,24,14.4,89.0,12.6,931.1,0.6,1,1.0
153,8904,969278319081545728,2018-03-01 15:28:54,-46.6333,-23.5833,2018-03-01 00:00:00,15:28:54,1,15,28,54,27.8,59.0,19.1,924.9,0.0,1,1.0
154,6030,821377032315695104,2017-01-17 12:21:59,-46.63417577,-23.54411884,2017-01-17 00:00:00,12:21:59,1,12,21,59,19.7,85.0,17.1,922.8,6.2,1,1.0
155,9987,838848709039357952,2017-03-06 17:28:11,-46.65694444,-23.56944444,2017-03-06 00:00:00,17:28:11,0,17,28,11,22.0,88.0,20.0,924.0,0.8,0,1.0
156,10234,1049549635293917186,2018-10-09 03:38:27,-46.69780728,-23.6154121,2018-10-09 00:00:00,03:38:27,1,3,38,27,18.7,90.0,17.0,923.3,2.0,1,1.0
157,8411,872093840760381440,2017-06-06 11:12:29,-46.66219711,-23.59152001,2017-06-06 00:00:00,11:12:29,1,11,12,29,18.8,86.0,16.3,929.9,1.2,1,1.0
158,9180,1046847923160535040,2018-10-01 16:42:49,-46.63919,-23.54307,2018-10-01 00:00:00,16:42:49,1,16,42,49,21.7,69.0,15.8,924.0,0.2,0,1.0
159,1016,810902748631826432,2016-12-19 14:40:55,-46.6333,-23.55,2016-12-19 00:00:00,14:40:55,1,14,40,55,26.9,48.0,14.9,924.4,0.0,1,0.0
160,1909,894703266986024961,2017-08-07 20:34:16,-46.69176762,-23.5928402,2017-08-07 00:00:00,20:34:16,1,20,34,16,19.1,57.0,10.5,927.3,0.0,0,0.0
161,7424,827928591245668352,2017-02-04 14:15:32,-46.6333,-23.55,2017-02-04 00:00:00,14:15:32,1,14,15,32,25.4,69.0,19.3,922.8,0.0,0,1.0
162,8525,914253831978004481,2017-09-30 19:21:14,-46.64170627,-23.68830032,2017-09-30 00:00:00,19:21:14,1,19,21,14,16.1,89.0,14.3,919.1,8.8,1,1.0
163,4199,887444314346971136,2017-07-18 19:49:47,-46.7294629,-23.5692469,2017-07-18 00:00:00,19:49:47,0,19,49,47,8.6,80.0,5.4,934.7,0.0,1,0.0
164,7449,828047647500013568,2017-02-04 22:08:38,-46.64700508,-23.58809838,2017-02-04 00:00:00,22:08:38,0,22,8,38,21.5,83.0,18.5,923.8,0.0,0,1.0
165,8254,865577196106260481,2017-05-19 11:37:39,-46.6333,-23.55,2017-05-19 00:00:00,11:37:39,1,11,37,39,16.809677419354838,83.83870967741936,13.977419354838707,923.8806451612904,1.0387096774193547,0,1.0
166,9183,1046932645714825216,2018-10-01 22:19:28,-46.63757901,-23.54624693,2018-10-01 00:00:00,22:19:28,1,22,19,28,19.9,82.0,16.7,926.3,0.0,1,1.0
167,7577,834549131586727936,2017-02-22 20:43:12,-46.72679,-23.55708,2017-02-22 00:00:00,20:43:12,0,20,43,12,23.5,66.0,16.8,926.0,0.0,0,1.0
168,2447,919153051251781632,2017-10-14 07:48:59,-46.6081846,-23.5140856,2017-10-14 00:00:00,07:48:59,1,7,48,59,21.6,80.0,18.0,925.0,0.0,0,0.0
169,2608,925338234166632448,2017-10-31 09:26:41,-46.6589945,-23.550425600000004,2017-10-31 00:00:00,09:26:41,0,9,26,41,20.0,70.0,14.5,922.9,0.0,0,0.0
170,5999,819308345777672195,2017-01-11 19:21:46,-46.522254,-23.578696,2017-01-11 00:00:00,19:21:46,0,19,21,46,23.7,77.0,19.5,923.2,0.0,1,1.0
171,6475,821377032315695104,2017-01-17 12:21:59,-46.63417577,-23.54411884,2017-01-17 00:00:00,12:21:59,1,12,21,59,19.7,85.0,17.1,922.8,6.2,1,1.0
172,8834,955154302489845768,2018-01-21 16:05:06,-46.70193,-23.56726,2018-01-21 00:00:00,16:05:06,1,16,5,6,21.4,75.0,16.7,924.3,2.2,1,1.0
173,6683,808335261780295680,2016-12-12 12:38:39,-46.59805557,-23.55916668,2016-12-12 00:00:00,12:38:39,1,12,38,39,20.0,91.0,18.5,920.9,13.2,1,1.0
174,6091,822924786280124417,2017-01-21 18:52:12,-46.6333,-23.55,2017-01-21 00:00:00,18:52:12,1,18,52,12,18.0,91.0,16.5,926.8,6.2,1,1.0
175,6768,814567007689572355,2016-12-29 17:21:23,-46.7333,-23.45,2016-12-29 00:00:00,17:21:23,0,17,21,23,23.6,68.0,17.3,923.6,0.0,1,1.0
176,9541,950440262265917440,2018-01-08 15:53:11,-46.75080638,-23.44068444,2018-01-08 00:00:00,15:53:11,0,15,53,11,20.9,83.0,17.9,928.0,0.2,1,1.0
177,3045,963143277825413121,2018-02-12 17:10:26,-46.5139123,-23.57887019,2018-02-12 00:00:00,17:10:26,0,17,10,26,26.5,68.0,20.1,923.1,0.0,0,0.0
178,8815,952631881736052741,2018-01-14 17:01:54,-46.6333,-23.55,2018-01-14 00:00:00,17:01:54,1,17,1,54,21.0,76.0,16.7,922.9,2.6,1,1.0
179,2913,947933767146070017,2018-01-01 17:53:16,-46.6333,-23.55,2018-01-01 00:00:00,17:53:16,1,17,53,16,28.5,49.0,16.8,920.2,0.0,1,0.0
180,3816,1041703340722319360,2018-09-17 12:00:04,-46.6333,-23.55,2018-09-17 00:00:00,12:00:04,1,12,0,4,16.1,80.0,12.6,924.9,2.2,1,0.0
181,9052,1024222209533980672,2018-07-31 06:16:18,-46.6564192,-23.561423,2018-07-31 00:00:00,06:16:18,1,6,16,18,15.8,83.0,13.0,926.5,0.0,1,1.0
182,8442,874591649820749825,2017-06-13 08:37:53,-46.6333,-23.55,2017-06-13 00:00:00,08:37:53,1,8,37,53,14.0,89.0,12.2,930.8,1.4,1,1.0
183,8162,860337801417695232,2017-05-05 00:38:10,-46.65330021,-23.55255591,2017-05-05 00:00:00,00:38:10,1,0,38,10,17.4,91.0,15.9,928.5,16.4,0,1.0
184,9229,1055486270196072448,2018-10-25 12:48:31,-46.73592885,-23.56279428,2018-10-25 00:00:00,12:48:31,1,12,48,31,20.0,82.0,16.9,925.8,0.8,1,1.0
185,9438,824957684940210176,2017-01-27 09:30:13,-46.638818,-23.54737932,2017-01-27 00:00:00,09:30:13,1,9,30,13,24.1,69.0,18.2,927.9,0.0,1,1.0
186,6433,1024122261538856963,2018-07-30 23:39:09,-46.6564192,-23.561423,2018-07-30 00:00:00,23:39:09,1,23,39,9,15.5,88.0,13.6,926.1,5.8,1,1.0
187,7417,827275103444439040,2017-02-02 18:58:49,-46.6333,-23.55,2017-02-02 00:00:00,18:58:49,1,18,58,49,24.9,61.0,16.9,921.9,0.0,1,1.0
188,4404,816764268888494080,2017-01-04 18:52:31,-46.60944391,-23.58524858,2017-01-04 00:00:00,18:52:31,1,18,52,31,27.8,49.0,16.2,923.7,0.0,0,0.0
189,7095,822417959360589825,2017-01-20 09:18:15,-46.65402426,-23.56361148,2017-01-20 00:00:00,09:18:15,1,9,18,15,19.3,89.0,17.5,930.3,1.6,1,1.0
190,3637,1051451453032804353,2018-10-14 09:35:36,-46.57278523,-23.48265627,2018-10-14 00:00:00,09:35:36,0,9,35,36,19.1,77.0,14.9,927.2,0.0,1,0.0
191,5650,1044845612250935303,2018-09-26 04:06:20,-46.60900006,-23.64768771,2018-09-26 00:00:00,04:06:20,0,4,6,20,18.3,79.0,14.5,925.1,0.0,0,0.0
192,8035,842780883337842689,2017-03-17 13:53:15,-46.63565453,-23.45823623,2017-03-17 00:00:00,13:53:15,0,13,53,15,22.8,73.0,17.6,925.6,0.4,1,1.0
193,9874,823222282030088192,2017-01-22 14:34:21,-46.47268893,-23.59220388,2017-01-22 00:00:00,14:34:21,0,14,34,21,20.4,80.0,16.9,926.3,0.6,0,1.0
194,2751,935950484837421056,2017-11-29 16:15:59,-46.6348009,-23.5480244,2017-11-29 00:00:00,16:15:59,1,16,15,59,23.9,47.0,11.9,923.8,0.0,0,0.0
195,6258,843119356766814208,2017-03-18 12:18:13,-46.67051,-23.6032,2017-03-18 00:00:00,12:18:13,1,12,18,13,20.6,80.0,17.1,929.0,0.0,1,1.0
196,8191,860495740573024258,2017-05-05 11:05:46,-46.70111084,-23.57111168,2017-05-05 00:00:00,11:05:46,1,11,5,46,17.2,89.0,15.3,929.4,2.8,1,1.0
197,7604,835223715864539136,2017-02-24 17:23:46,-46.55916595,-23.53583336,2017-02-24 00:00:00,17:23:46,1,17,23,46,19.0,88.0,17.0,924.9,11.6,1,1.0
198,7164,822912049625919488,2017-01-21 18:01:36,-46.67611111,-23.49972222,2017-01-21 00:00:00,18:01:36,1,18,1,36,18.0,91.0,16.5,926.8,6.2,1,1.0
199,9145,1045376759229763584,2018-09-27 15:16:56,-46.6574767,-23.55554922,2018-09-27 00:00:00,15:16:56,1,15,16,56,22.9,72.0,17.7,923.4,0.0,1,1.0
200,577,1049361055086985217,2018-10-08 15:09:06,-46.6333,-23.55,2018-10-08 00:00:00,15:09:06,1,15,9,6,20.9,80.0,17.2,924.6,0.2,1,0.0
201,8111,851556215020806144,2017-04-10 19:03:17,-46.70131321,-23.5127419,2017-04-10 00:00:00,19:03:17,1,19,3,17,22.0,88.0,20.0,926.5,3.2,1,1.0
202,4078,886540101093916672,2017-07-16 07:56:45,-46.39409081,-23.53452122,2017-07-16 00:00:00,07:56:45,0,7,56,45,15.3,57.0,6.8,931.1,0.0,1,0.0
203,6643,808258475037966336,2016-12-12 07:33:31,-46.5672498,-23.4403553,2016-12-12 00:00:00,07:33:31,0,7,33,31,22.8,79.0,18.9,919.9,0.0,0,1.0
204,1227,833359650020028421,2017-02-19 13:56:38,-46.79357641,-23.58853221,2017-02-19 00:00:00,13:56:38,0,13,56,38,32.5,31.0,13.3,927.3,0.0,1,0.0
205,5852,847268360232386561,2017-03-29 23:04:53,-46.63359161,-23.58977448,2017-03-29 00:00:00,23:04:53,0,23,4,53,17.7,75.0,13.3,928.0,0.0,0,0.0
206,8235,862738202842365952,2017-05-11 15:36:31,-46.6333,-23.55,2017-05-11 00:00:00,15:36:31,1,15,36,31,21.0,52.0,10.8,929.0,0.0,0,1.0
207,6846,818599371084283904,2017-01-09 20:24:33,-46.671705,-23.616623,2017-01-09 00:00:00,20:24:33,1,20,24,33,21.5,81.0,18.2,922.8,1.8,1,1.0
208,303,898875251966083072,2017-08-19 08:52:15,-46.6333,-23.55,2017-08-19 00:00:00,08:52:15,1,8,52,15,16.1,89.0,14.2,927.0,0.4,1,0.0
209,8608,932061196114677761,2017-11-18 22:41:20,-46.69929000000001,-23.58324,2017-11-18 00:00:00,22:41:20,1,22,41,20,19.2,90.0,17.6,921.2,3.2,0,1.0
210,9009,976227606138892288,2018-03-20 19:42:53,-46.6415313,-23.5758557,2018-03-20 00:00:00,19:42:53,1,19,42,53,20.5,82.0,17.4,925.8,3.2,1,1.0
211,9025,985538261249613824,2018-04-15 12:20:06,-46.6333,-23.55,2018-04-15 00:00:00,12:20:06,1,12,20,6,19.3,88.0,17.2,934.0,3.2,0,1.0
212,6657,808297952968056832,2016-12-12 10:10:24,-46.64774,-23.54415,2016-12-12 00:00:00,10:10:24,1,10,10,24,20.2,86.0,17.8,920.9,0.6,1,1.0
213,3725,815352738649358341,2016-12-31 21:23:36,-46.66001170000001,-23.59277156,2016-12-31 00:00:00,21:23:36,0,21,23,36,26.1,56.0,16.7,925.5,0.0,1,0.0
214,5932,829060896370548737,2017-02-07 17:14:55,-46.61101278,-23.55125065,2017-02-07 00:00:00,17:14:55,1,17,14,55,24.9,66.0,18.1,922.5,0.0,0,1.0
215,1443,844530415381573632,2017-03-22 09:45:16,-46.6271061,-23.4932374,2017-03-22 00:00:00,09:45:16,0,9,45,16,20.3,67.0,13.8,932.2,0.0,1,0.0
216,4262,801069881160585217,2016-11-22 11:28:37,-46.63388889,-23.55027778,2016-11-22 00:00:00,11:28:37,1,11,28,37,24.9,46.0,12.5,924.9,0.0,0,0.0
217,5416,977657595342209025,2018-03-24 18:25:09,-46.46907,-23.49887,2018-03-24 00:00:00,18:25:09,0,18,25,9,27.2,49.0,15.7,924.3,0.0,0,0.0
218,2671,929484848099708928,2017-11-11 20:03:51,-46.69176762,-23.5928402,2017-11-11 00:00:00,20:03:51,1,20,3,51,17.0,66.0,10.6,920.9,0.0,0,0.0
219,7070,822210816535592961,2017-01-19 19:35:09,-46.7469101,-23.6759035,2017-01-19 00:00:00,19:35:09,1,19,35,9,19.7,84.0,16.9,927.7,0.0,1,1.0
220,3733,857479074419060736,2017-04-27 03:18:37,-46.64166941,-23.57526777,2017-04-27 00:00:00,03:18:37,1,3,18,37,18.4,83.0,15.5,923.9,0.0,1,0.0
221,5109,925081817698496512,2017-10-30 16:27:47,-46.5839615,-23.5673103,2017-10-30 00:00:00,16:27:47,0,16,27,47,21.7,76.0,17.2,919.5,0.0,0,0.0
